{
  "_format": "hh-sol-cache-2",
  "files": {
    "D:\\Blockchain\\contracts\\PersonalLocker.sol": {
      "lastModificationDate": 1756843513848,
      "contentHash": "e3be453f963f7db5aa760f3d698d58e1",
      "sourceName": "contracts/PersonalLocker.sol",
      "solcConfig": {
        "version": "0.8.24",
        "settings": {
          "evmVersion": "paris",
          "optimizer": {
            "enabled": false,
            "runs": 200
          },
          "outputSelection": {
            "*": {
              "*": [
                "abi",
                "evm.bytecode",
                "evm.deployedBytecode",
                "evm.methodIdentifiers",
                "metadata"
              ],
              "": [
                "ast"
              ]
            }
          }
        }
      },
      "imports": [],
      "versionPragmas": [
        ">=0.8.0"
      ],
      "artifacts": [
        "PersonalLocker"
      ]
    }
  }
}
